{
    "ModelLife": {
        "best_trial_num": 884,
        "best_loss": 10.058021878050843,
        "direction": "minimize",
        "best_params": {
            "boosting_type": "gbdt",
            "class_weight": null,
            "colsample_bytree": 0.6746627280374106,
            "importance_type": "split",
            "learning_rate": 0.290336940819014,
            "max_depth": 8,
            "min_child_samples": 21,
            "min_child_weight": 0.0120223052470436,
            "min_split_gain": 0.0,
            "n_estimators": 601,
            "n_jobs": null,
            "num_leaves": 43,
            "objective": "poisson",
            "random_state": 42,
            "reg_alpha": 0.40956251297894536,
            "reg_lambda": 0.6699701884414251,
            "subsample": 0.8260669427233919,
            "subsample_for_bin": 200000,
            "subsample_freq": 0,
            "max_bin": 165,
            "lambda_l1": 0.15043683496536703,
            "lambda_l2": 0.2858726448712831,
            "verbose": -1,
            "metric": "poisson"
        }
    },
    "GrossProfit": {
        "best_trial_num": 821,
        "best_loss": 333767.90664325206,
        "direction": "minimize",
        "best_params": {
            "boosting_type": "gbdt",
            "class_weight": null,
            "colsample_bytree": 0.671176081175726,
            "importance_type": "split",
            "learning_rate": 0.28323555965075464,
            "max_depth": 12,
            "min_child_samples": 24,
            "min_child_weight": 0.04319141507057885,
            "min_split_gain": 0.0,
            "n_estimators": 433,
            "n_jobs": null,
            "num_leaves": 42,
            "objective": "poisson",
            "random_state": 42,
            "reg_alpha": 1.5876512123380966,
            "reg_lambda": 1.7764757718948767,
            "subsample": 0.9199421281354624,
            "subsample_for_bin": 200000,
            "subsample_freq": 0,
            "max_bin": 170,
            "lambda_l1": 1.002487293777087,
            "lambda_l2": 1.3780065084937358,
            "verbose": -1,
            "metric": "poisson"
        }
    }
}