{
    "Performance": {
        "best_trial_num": 45,
        "best_loss": 0.1899008817198482,
        "direction": "minimize",
        "best_params": {
            "boosting_type": "gbdt",
            "class_weight": null,
            "colsample_bytree": 0.7371107819669488,
            "importance_type": "split",
            "learning_rate": 0.17349148937081926,
            "max_depth": 7,
            "min_child_samples": 28,
            "min_child_weight": 0.04285540543418263,
            "min_split_gain": 0.0,
            "n_estimators": 525,
            "n_jobs": null,
            "num_leaves": 20,
            "objective": null,
            "random_state": 42,
            "reg_alpha": 0.6866199404962539,
            "reg_lambda": 1.7243040771605642,
            "subsample": 0.7351419192446659,
            "subsample_for_bin": 200000,
            "subsample_freq": 0,
            "max_bin": 116,
            "lambda_l1": 1.690255383171119,
            "lambda_l2": 0.005798020569064866,
            "verbose": -1
        }
    },
    "Spec": {
        "best_trial_num": 98,
        "best_loss": 0.20732422019943586,
        "direction": "minimize",
        "best_params": {
            "boosting_type": "gbdt",
            "class_weight": null,
            "colsample_bytree": 0.6446267269086418,
            "importance_type": "split",
            "learning_rate": 0.11498152175922384,
            "max_depth": 11,
            "min_child_samples": 13,
            "min_child_weight": 0.025884288040807064,
            "min_split_gain": 0.0,
            "n_estimators": 229,
            "n_jobs": null,
            "num_leaves": 24,
            "objective": null,
            "random_state": 42,
            "reg_alpha": 1.534923660962672,
            "reg_lambda": 0.8965588680104776,
            "subsample": 0.544920506794109,
            "subsample_for_bin": 200000,
            "subsample_freq": 0,
            "max_bin": 155,
            "lambda_l1": 1.267366853014562,
            "lambda_l2": 0.4733679520288163,
            "verbose": -1
        }
    },
    "Content": {
        "best_trial_num": 62,
        "best_loss": 0.3829132754654436,
        "direction": "minimize",
        "best_params": {
            "boosting_type": "gbdt",
            "class_weight": null,
            "colsample_bytree": 0.7016733525583129,
            "importance_type": "split",
            "learning_rate": 0.03198839367846445,
            "max_depth": 4,
            "min_child_samples": 25,
            "min_child_weight": 0.04022418362598182,
            "min_split_gain": 0.0,
            "n_estimators": 126,
            "n_jobs": null,
            "num_leaves": 47,
            "objective": null,
            "random_state": 42,
            "reg_alpha": 0.8993854989334917,
            "reg_lambda": 1.2735607952770327,
            "subsample": 0.9252900018693925,
            "subsample_for_bin": 200000,
            "subsample_freq": 0,
            "max_bin": 248,
            "lambda_l1": 0.3191920536900182,
            "lambda_l2": 0.4225625454321452,
            "verbose": -1
        }
    },
    "News": {
        "best_trial_num": 90,
        "best_loss": 0.3011743735622691,
        "direction": "minimize",
        "best_params": {
            "boosting_type": "gbdt",
            "class_weight": null,
            "colsample_bytree": 0.9490755623928542,
            "importance_type": "split",
            "learning_rate": 0.011043284352032412,
            "max_depth": 4,
            "min_child_samples": 11,
            "min_child_weight": 0.03334765311069869,
            "min_split_gain": 0.0,
            "n_estimators": 173,
            "n_jobs": null,
            "num_leaves": 22,
            "objective": null,
            "random_state": 42,
            "reg_alpha": 0.9814496744477667,
            "reg_lambda": 0.15365470376350576,
            "subsample": 0.5740263496383233,
            "subsample_for_bin": 200000,
            "subsample_freq": 0,
            "max_bin": 250,
            "lambda_l1": 0.7430986848465907,
            "lambda_l2": 0.3237975529871952,
            "verbose": -1
        }
    },
    "Concept": {
        "best_trial_num": 76,
        "best_loss": 0.44501076580592425,
        "direction": "minimize",
        "best_params": {
            "boosting_type": "gbdt",
            "class_weight": null,
            "colsample_bytree": 0.9858945536098627,
            "importance_type": "split",
            "learning_rate": 0.013104462662647282,
            "max_depth": 3,
            "min_child_samples": 25,
            "min_child_weight": 0.006375765441440999,
            "min_split_gain": 0.0,
            "n_estimators": 255,
            "n_jobs": null,
            "num_leaves": 38,
            "objective": null,
            "random_state": 42,
            "reg_alpha": 1.6091792838880528,
            "reg_lambda": 1.593575764087293,
            "subsample": 0.5382487720775124,
            "subsample_for_bin": 200000,
            "subsample_freq": 0,
            "max_bin": 220,
            "lambda_l1": 0.04488491165231004,
            "lambda_l2": 1.838376093466673,
            "verbose": -1
        }
    },
    "Period": {
        "best_trial_num": 59,
        "best_loss": 0.3962660549716095,
        "direction": "minimize",
        "best_params": {
            "boosting_type": "gbdt",
            "class_weight": null,
            "colsample_bytree": 0.8436806744996379,
            "importance_type": "split",
            "learning_rate": 0.01893597352459522,
            "max_depth": 13,
            "min_child_samples": 12,
            "min_child_weight": 0.04076613852227312,
            "min_split_gain": 0.0,
            "n_estimators": 146,
            "n_jobs": null,
            "num_leaves": 43,
            "objective": null,
            "random_state": 42,
            "reg_alpha": 0.9032947758310427,
            "reg_lambda": 1.7084924855324524,
            "subsample": 0.6442749269147154,
            "subsample_for_bin": 200000,
            "subsample_freq": 0,
            "max_bin": 183,
            "lambda_l1": 1.7613968260503357,
            "lambda_l2": 1.5675773189382838,
            "verbose": -1
        }
    },
    "SaleUnit_eval": {
        "best_trial_num": 99,
        "best_loss": 0.5464433319019649,
        "direction": "minimize",
        "best_params": {
            "boosting_type": "gbdt",
            "class_weight": null,
            "colsample_bytree": 0.7662807565890717,
            "importance_type": "split",
            "learning_rate": 0.06529776519358622,
            "max_depth": 13,
            "min_child_samples": 21,
            "min_child_weight": 0.01964323899778836,
            "min_split_gain": 0.0,
            "n_estimators": 115,
            "n_jobs": null,
            "num_leaves": 28,
            "objective": null,
            "random_state": 42,
            "reg_alpha": 0.03549142308970772,
            "reg_lambda": 1.5310405092980228,
            "subsample": 0.8245179319898993,
            "subsample_for_bin": 200000,
            "subsample_freq": 0,
            "max_bin": 252,
            "lambda_l1": 0.24065516103313017,
            "lambda_l2": 0.9341568706844217,
            "verbose": -1
        }
    },
    "Running": {
        "best_trial_num": 96,
        "best_loss": 0.5974821400390661,
        "direction": "minimize",
        "best_params": {
            "boosting_type": "gbdt",
            "class_weight": null,
            "colsample_bytree": 0.9586825129537541,
            "importance_type": "split",
            "learning_rate": 0.0238799533822133,
            "max_depth": 13,
            "min_child_samples": 14,
            "min_child_weight": 0.04665210066215646,
            "min_split_gain": 0.0,
            "n_estimators": 212,
            "n_jobs": null,
            "num_leaves": 24,
            "objective": null,
            "random_state": 42,
            "reg_alpha": 1.3267106878407864,